,smiles,Tg (Â°C),Eea,Td,Cp
2821,[*]Nc1ccc(-c2cc(-c3ccc(-c4ccccc4)cc3-c3ccc(CCCC)cc3)ccc2O[*])cc1,191.22567138671883,1.94921088218689,748.8524780273438,1.324637889862061
3125,[*]Nc1ccc(-c2nc3ccc(OC)cc3nc2C([*])=O)cc1,268.7597290039063,2.178247690200806,782.4508056640625,1.202064752578735
2913,[*]Nc1cccc2c(-c3ccc(S(=O)(=O)c4ccc(OCC(C)(C)CO[*])cc4)cc3)cccc12,203.29085693359383,2.072848558425903,683.6024169921875,1.259885907173157
30,[*]CCCCCCCCCCCC(=O)Oc1ccc(-c2ccc3ccc(OC(=O)CCCCCCCCCCC[*])cc3c2)cc1,17.069207763671898,1.295361161231995,628.3445434570312,1.476439595222473
139,[*]CCCNc1ccc(OCCCOCCC[*])cc1,37.02300415039065,0.9742101430892944,656.2233276367188,1.627516984939575
393,[*]Oc1ccc(COC(=O)CCc2ccc([*])cc2)o1,62.5095153808594,1.504682183265686,618.1858520507812,1.199978590011597
631,[*]OCOc1ccc(C)c(OC2CC(=NCCCCCCCCCCCCCCCCCC)C(C(c3ccc([*])cc3)(C(F)(F)F)C(F)(F)F)CC2=NCCCCCCCCCCCCCCCCCC)c1,77.65059814453122,1.325788617134094,626.7466430664062,1.605746865272522
257,[*]c1ccc(C(=O)c2ccc([Si]([*])(C)c3ccc(OC(=O)C(CCCCCCCCCCP(=O)(O)O)C(=O)OC)s3)cc2)cc1,50.19655761718752,1.972711563110352,559.5195922851562,1.316139817237854
1987,[*]Oc1c(C=C(C#N)C(=O)[N+](C)(C)c2ccc3c(c2)c2ccccc2n3[*])ccc2ccccc12,153.72646484375002,1.920145034790039,644.6279907226562,1.188005685806274
2258,[*]Oc1ccc(Nc2ccc([*])c(-c3cncnc3)c2)cc1OC,164.84279785156252,2.155247211456299,652.1469116210938,1.241580963134766
1703,[*]OS(=O)(=O)c1ccc(-c2ccc(S(=O)(=O)OC(=O)SSc3ccc(P(=O)(c4ccccc4)c4ccccc4)c(-c4cccc(-c5ccc(S(=O)(=O)O[*])cc5)c4)c3)cc2)cc1,140.32723388671883,2.337640762329102,620.6686401367188,1.549515604972839
1569,[*]OCc1csc(-c2ccc(N3CCN([*])CC3)cc2)n1,128.9122253417969,1.299083948135376,656.5723876953125,1.233952403068542
867,[*]OP(=O)(N=Nc1ccc(OC(=O)N2C(=O)c3ccc(OP(=O)(N=Nc4ccc(N5CCC([*])CC5)cc4)OC)cc3C2=O)cc1)OC,88.06157836914065,2.180532693862915,539.3455810546875,1.37481427192688
1455,[*]c1sc(N2C(=O)C3ON(C)C([*])C3C2=O)cc1N1C(=O)C2ON(C)C(c3cccc(-c4cccc(CCCCCCCC)c4C#N)c3C#N)C2C1=O,121.53338012695316,1.963465452194214,600.450927734375,1.320111393928528
1391,[*]CCCCCc1cccc(-c2cccc(OC(=O)c3nnc(CCC[*])o3)c2)c1,117.82381591796884,1.83982264995575,661.2083129882812,1.246858596801758
538,[*]C(=Cc1ccc([Si](C)(C)CCCCCCCC)cc1)c1cc(-c2ccc([Si](C)(C)CCCCCCCC)cc2)sc1-c1ccc([*])c2nsnc12,72.52175292968752,1.982059717178345,632.800048828125,1.239096641540527
2724,[*]C(=O)c1ccc(-c2ccc(-c3cccc(Nc4ccc(C5=CSC(=C6SC=C([*])S6)S5)cc4)c3)c(O)c2)cc1O,186.92653808593752,2.775980234146118,639.6386108398438,1.31437087059021
746,[*]OCCCCCCCCCCOc1ccc2c(c1)C(=O)N(c1ccc([*])cc1C(F)(F)F)C2=O,83.62264404296883,1.788650035858154,696.1643676757812,1.544931173324585
1840,[*]CCC1(C(=O)c2cc(C[*])[nH]n2)CC2CC1C1CCCC21,146.85283813476565,1.74235475063324,652.3950805664062,1.121453046798706
2104,[*]Cc1ccc(S(=O)(=O)c2ccc(C3CCC(c4ccc(Sc5ccc(N[*])cc5)cc4)CC3)cc2)c([N-][N+]#N)c1,158.68386230468752,2.300967931747437,641.7058715820312,1.257057905197144
3027,[*]c1nc(C#N)c(C#N)nc1C1CC(=O)N(c2ccc3ccc(-c4ccc(Oc5ccc6c(c5)C(=O)N([*])C6=O)cc4)cc3c2)C1=O,228.53545532226565,2.318222761154175,676.5922241210938,1.28407096862793
3072,[*]Oc1ccc(C2([*])c3ccccc3C(=O)N2c2cccc(Oc3ccc([Si](C)(C)c4ccc(-c5ccccc5)cc4)cc3)c2)cc1,242.21901855468752,2.251333475112915,794.3281860351562,1.278008341789246
3053,[*]c1nc(-c2ccc(-c3ccc(S(=O)(=O)CCCCCCCC)cc3)cc2)nc(N2C(=O)c3ccc(-c4ccc5cc(-c6cc7c(cc6C)-c6cc(C)c([*])cc6S7(=O)=O)ccc5c4)cc3C2=O)n1,237.67104492187505,2.424989223480225,692.1614379882812,1.127662062644958
485,[*]Cc1cccc(-c2cccc(Nc3cccc(OC(=O)CCCCCCCCCCCCC(=O)N[*])c3)c2)c1,68.82875976562502,1.636093616485596,662.3515625,1.417376637458801
1864,[*]c1ccc(-c2ccc(C#N)cc2)c(-c2ccc(CCCCCCCCCCCC)cc2-c2cc([*])ccc2C(F)(F)F)c1,148.1254821777344,2.116779327392578,673.34423828125,1.255123853683472
3128,[*]c1ccc(-c2ccc(N3C(=O)c4ccc(N5C(=O)c6ccc(C(C)(C)c7ccc(-c8ccc([*])cc8)s7)cc6C5=O)cc4C3=O)s2)cc1,269.1879516601563,2.418460845947266,805.9230346679688,1.435254812240601
2246,[*]c1sc(-c2ccc(SCCCC)cc2)cc1-n1c([*])nc2ccccc21,164.46285400390622,1.82618260383606,683.381591796875,1.274057984352112
1798,[*]c1cc(Cl)c(-c2cc(-c3sc(-c4ccccc4)cc3Cl)c(CCCCCCCC)cc2[*])s1,145.46135864257815,2.396431446075439,672.174560546875,1.219103813171387
1587,[*]CCCCCCCCCSC1C(=O)N(C(=O)c2nc3ccc(SC)cc3nc2CCC[*])C(=O)C1C,131.13530883789065,1.401531100273132,601.3611450195312,1.232987880706787
256,[*]Oc1cc(-c2sc(CCCCCCCCCC)cc2-c2nc3ccccc3n2CCCCCCCCCC)sc1[*],49.9976745605469,1.879545331001282,616.0106811523438,1.279206514358521
2663,[*]Oc1cc(C(c2ccc([N+](=O)[O-])cc2)(C(F)(F)F)C(F)(F)F)ccc1Nc1ccc2c(c1)C(=O)N([*])C2=O,184.06228027343752,2.267771244049072,616.1489868164062,1.202149391174316
387,[*]OCn1c2ccccc2c2cc(C(=O)Oc3nnc([*])n3CCCCCCCCCCCCCCCC)ccc21,62.32109985351565,1.552997589111328,620.0850830078125,1.46803605556488
299,[*]CCCCCCCC(=O)OC(=O)Nc1cccc(OCC(C)(C)CCCC[*])c1,54.5252624511719,0.9305545091629028,655.892822265625,1.328786015510559
2973,[*]N1C(=O)c2ccc(-c3cc(C(F)(F)C(F)(F)C([*])(F)F)ccc3C(N3C(=O)c4ccc(C(F)(F)F)cc4C3=O)(C(F)(F)F)C(F)(F)F)cc2C1=O,212.25277099609383,2.466448068618774,734.4328002929688,1.479448199272156
2232,[*]CC=C(C#N)c1cccc(-c2cc3c(cc2-c2ccc(-c4cccc(C(=[*])C#N)c4)c(C)c2)C(=O)N(CCN(C)C)C3=O)c1,164.0269714355469,2.406542062759399,684.2298583984375,1.271205425262451
742,[*]Oc1cc(-c2cc(N3C(=O)c4ccc([*])cc4C3=O)c(CCCCCCCCCCCC)s2)c(C(C)(C)C)s1,83.53646240234383,2.587193965911865,649.1682739257812,1.274458169937134
2225,[*]Oc1ccc(C(CCCCCCCC)c2ccc3c(c2)C(=O)N(C(=O)c2ccc(-c4ccc([*])cc4)cc2)C3=O)s1,163.69646606445315,1.868656396865845,699.6326904296875,1.408273458480835
1809,[*]CCCC(=O)NNC(=O)c1ccc(-c2cccc(Cc3ccc(C[*])s3)c2)c(C)c1,145.81499633789065,2.03598427772522,684.8224487304688,1.288792610168457
2480,[*]Oc1ccc(C)c(N(CC)c2nc3cc(O[*])ccc3[nH]2)c1,175.2755065917969,1.456261157989502,693.6676025390625,1.210997343063354
2355,[*]c1ccc(-c2nc(N)nc([N+](C)(C)c3ccc(C=Nc4ccccc4NC(F)(F)C(F)F)cc3[*])n2)cc1,167.90877685546883,1.798377633094788,681.3128662109375,1.31168520450592
240,[*]CC(COC(F)(F)F)Oc1ccc(-c2ccc([*])s2)c(OC(F)(F)F)c1,47.92073974609383,1.460164427757263,622.2092895507812,1.480592370033264
1317,[*]Oc1nc([*])nc(C2CC(C)(C)CC(C)(OC3CC(C)(C)CC(C)(c4ccccc4)C3)C2)n1,113.49370727539063,1.617949843406677,645.8475341796875,1.261076331138611
3032,[*]N1C(=O)c2ccc(-c3ccc(C4CCCC(c5ccc6c(c5)C(=O)N(c5ccc(N([*])CC)cc5C)C6=O)C4)cc3C)cc2C1=O,232.05642089843752,2.405292749404907,670.6947631835938,1.240446805953979
2515,[*]c1ccc(C(=O)CC)c(Oc2ccc([*])cc2-c2ccc(C(=O)CC)cc2)c1,177.35408935546883,2.021607637405396,708.193115234375,1.289989233016968
1181,[*]Oc1ccc(OC)cc1-c1cc(-c2ccc([*])cc2)ccc1CCCCCCCCCCCC,105.24117431640622,1.846931219100952,658.1007690429688,1.3618084192276
840,[*]c1nc(CCCCCCCC)c(-c2nc(C3COC4C([*])COC34)c(-c3ccc(C(C)(C)C)cc3)s2)s1,86.87716064453122,1.758709669113159,611.0367431640625,1.203678369522095
2996,[*]c1ccc2cc(-n3c4ccc([*])cc4c4cc(CNCC(=O)OC)ccc43)ccc2c1,216.0384460449219,1.961090445518494,665.2014770507812,1.191972494125366
183,[*]C(=O)c1cc(C(C)(C)c2ccc(-c3ccc([Si](CCCC)(CCCC)[Si]([*])(CCCC)CCCC)s3)cc2)sc1CCCCCCCC,41.96425781250002,1.999855875968933,610.1654663085938,1.276642799377441
1392,[*]OC(=O)OC(=O)Nc1cc([N+](=O)[O-])ccc1N=Nc1cn([*])c2ccccc12,117.86226806640622,2.046236038208008,640.8373413085938,1.142514944076538
2682,[*]Oc1cc(-c2ccc([*])cc2Nc2cc3ccccc3cc2-c2nc3cc([N+](=O)[O-])ccc3[nH]2)ccc1C,184.91668090820315,2.004770278930664,683.23291015625,1.147304058074951
3224,[*]c1ccc(Cc2ccc3nc(-c4ccccc4)c(-c4nc5cc([*])ccc5nc4-c4ccccc4)nc3c2)cc1,315.834375,2.004775762557983,779.5257568359375,1.268949627876282
2251,[*]Oc1cccc(Oc2ccccc2-c2cc(C(C)(C)C)ccc2[*])c1,164.6616149902344,1.754090905189514,700.1976318359375,1.344022512435913
2740,[*]COc1ccc2c(c1)c1ccccc1n2-c1ccccc1Nc1ccc(-c2ccc(C[*])cc2)cc1,187.3630310058594,1.915425419807434,721.1787719726562,1.208709359169006
449,[*]OCCCCCCCCCCOc1cc(C)c(Oc2ccc(S([*])(=O)=O)cc2)c(C)c1,66.41997680664065,1.743583917617798,653.4850463867188,1.312168717384338
134,[*]c1ccc(-c2ccc(C=Cc3ccc(-c4ccc(-c5ccc([Si](C)(C)[Si](C)(C)[Si](C)(C)[Si](C)(C)[Si](C)(C)[Si]([*])(C)C)s5)cc4)s3)s2)s1,36.50188598632815,2.124329328536987,631.7859497070312,1.396307468414307
2451,[*]CC([*])c1ccc(Br)cc1-c1ccc(Oc2ccc3cc(OC)ccc3c2)cc1,173.29934082031252,1.876274347305298,671.12158203125,1.270758748054504
102,[*]c1ccc(C(C)(C)c2cc(-c3ccc(CCCCCCCCCC)cc3)c(CCCCCCCCCC)cc2[*])cc1,32.72088012695315,2.096957683563232,602.6757202148438,1.292916893959045
1912,[*]OS(=O)(=O)c1ccc(Cc2nc(-c3ccc(Nc4ccccn4)cc3)nnc2[*])cc1,150.6346374511719,2.122964859008789,604.083740234375,1.630470037460327
152,[*]CCCCCOc1cc(-c2ccc(CCC[*])cc2)cc(N(C)CCCCCCCCCCCCCCCCCC)c1,38.545861816406216,0.949872612953186,619.5922241210938,1.42967700958252
3221,[*]N1C(=O)c2ccc(-c3ccc(C(C)C(=O)N4C(=O)c5ccc(C(c6ccc7c(c6)C(=O)N([*])C7=O)C(F)(F)F)cc5C4=O)cc3)cc2C1=O,314.2138305664063,2.651307344436646,677.1087646484375,1.302303194999695
3064,[*]COc1cccc(-c2cccc3c2C(=O)N(C(C)(C)c2cc(C)c(C[*])c(C)c2)C3=O)c1,239.32619628906247,1.981258749961853,761.5631103515625,1.235229969024658
2562,[*]NC(=O)c1cc(N2Cc3ccc(OC)cc3C2)ccc1Oc1ccc([*])cc1,179.45919189453122,1.65366792678833,696.754638671875,1.250760912895203
184,[*]OCc1nc([*])sc1-c1ccc(-c2ccc(CCCCCCCCCCCC)s2)cc1,41.98906860351565,1.716800093650818,621.633544921875,1.34532904624939
1421,[*]NC(CC1CC(=O)N(c2ccc3c(c2)C(CCCCCC)(CCCCCC)c2cc(C(=O)Oc4ccc5c(c4)C(CCCCCC)(CCCCCC)c4ccccc4-5)ccc2-3)C1=O)C([*])=O,119.29482421875002,2.05419397354126,656.2076416015625,1.362468361854553
1395,[*]c1sc(-c2cccc(C3CC(=O)N(c4sc([*])c5c4OC(CCCCCC)CO5)C3=O)c2)c2c1OCC(CCCCCC)O2,118.06307373046884,2.003766775131226,639.7351684570312,1.264756917953491
1090,[*]Oc1ccc(C=Cc2ccc(-c3ccc(O[*])o3)cc2)o1,98.78884277343752,2.460428237915039,626.7772827148438,1.121759533882141
1309,[*]Cc1cc(-c2sc(-c3ccncc3)cc2-c2ccncc2)sc1C([*])=O,113.1144958496094,2.532657623291016,609.8927612304688,1.214073538780212
2681,[*]SSC(=O)OS(=O)(=O)c1ccc(Oc2c(Br)cc(-c3cccc(-c4ccc5c(c4)C(=O)N([*])C5=O)c3)cc2Br)cc1,184.90529785156247,2.560296297073364,630.092041015625,1.723678946495056
2177,[*]Oc1cc([*])cc(-c2ccc3cc(-c4cc(CC(C(F)(F)F)(C(F)(F)F)C(F)(F)C(F)(F)C(F)(F)F)cc(C(F)(F)C(F)(F)C(F)(F)C(F)(F)F)c4)ccc3c2)c1,161.94902954101565,2.030574798583984,678.49658203125,1.275861501693726
17,[*]COCOCc1ccc(SSc2ccc(SSC[*])cc2)cc1,10.229943847656216,1.956363797187805,589.1102294921875,1.376831412315369
239,[*]CC([*])(C)C(=O)N(CCCOC(C)CCCCCC)C1CCCCC1,47.80486450195315,0.8053224682807922,545.0905151367188,1.359921932220459
755,[*]SC(=O)OC1CC(=NCCCCCCCCCCCCCCCCCC)C(c2ccc(C)c(Nc3ccc4c(c3)C(=O)N([*])C4=O)c2)CC1=NCCCCCCCCCCCCCCCCCC,83.90386352539065,1.287881016731262,622.4472045898438,1.463214993476868
1091,[*]CCCCCCCOC(=O)c1cccc(C2CCN(C[*])CC2)c1,98.93267211914063,1.317338705062866,663.8994140625,1.355309367179871
321,[*]Oc1ccc(Oc2ccccc2)c(OC(=O)CC(C)CCC([*])=O)c1,57.496057128906216,1.843538165092468,554.0049438476562,1.260448455810547
2059,[*]Oc1cccc(-c2ccccc2-c2cccc(C(=O)Nc3cccc([*])c3)c2)c1,156.79793701171883,1.933519840240479,739.5813598632812,1.369475960731506
2728,[*]Oc1ccc(CCc2ccc(-c3ccc(-c4ccc(-c5nnc([*])o5)cc4)cc3C)cc2C)cc1,187.0876098632812,1.935215353965759,676.5711669921875,1.215043663978577
314,[*]Cc1cccc(OCCCc2cccc(-c3ccc([*])cc3)c2)c1,56.85296020507815,1.33539092540741,652.1682739257812,1.310855150222778
263,[*]O[Si](C)(C)COc1ccc(S(=O)(=O)c2ccc(-c3ccccc3OC[Si](C)(C)O[*])cc2)cc1,50.78835449218752,1.60204815864563,606.3184204101562,1.379120707511902
700,[*]CC1CCC2C3CC=C4CC(c5cc([*])sc5C(=O)NCCCCCCCCCC)CCC4(C)C3CCC12C,81.73629150390622,0.9666979908943176,605.6239624023438,1.254371523857117
32,[*]Oc1ccc(NC(=O)CCCCCCCCC([*])=O)c(OC)c1,17.364678955078148,1.845259308815002,572.84814453125,1.430801510810852
912,[*]OC1CCCN1C(=O)NC1CCCN1c1ccc([*])cc1,90.52657470703122,1.606518983840942,621.8761596679688,1.225215315818787
408,[*]OC(=O)c1cccc(-c2ccc3ccc(-c4cc(CCCCCCCC)c([*])s4)cc3c2)c1,63.04192504882815,2.287325620651245,634.8280029296875,1.349490523338318
2964,[*]C(=O)NC(=O)c1ccc(S(=O)(=O)c2ccc(-c3ccc(S(=O)(=O)c4ccc(-c5ccc(S(=O)(=O)c6ccc(-c7ccc([*])cc7)c(S(=O)(=O)O)c6)cc5S(=O)(=O)O)cc4)cc3)c(S(=O)(=O)O)c2)cc1S(=O)(=O)O,210.25567016601565,2.808830976486206,623.7645263671875,1.354921460151672
203,[*]CCCC(=O)OCCCCCCCCCCCCOP(=O)(OCC[*])Oc1ccc(S(=O)(=O)c2ccc(-c3ccc(Br)cc3)cc2)cc1,43.41683349609383,1.547599315643311,631.8593139648438,1.466557860374451
291,[*]CNC(=O)CCCCCCCCCCCCC(=O)NCCN(C[*])c1ccccc1,53.4669128417969,0.901498317718506,599.9136962890625,1.481203317642212
1032,[*]Oc1ccc(-c2cc(Oc3ccccc3)ccc2[*])cc1CCCCCC,95.31072387695316,2.251176595687866,635.86572265625,1.315755128860474
93,[*]OCCCCCCCCCCc1cc(C)c(OCCCCCCCCCCc2cc(C)c([*])cc2C)cc1C,31.313592529296898,1.025969505310059,626.0203857421875,1.419931173324585
937,[*]CC(CCCCCCCCCCCCCCCC)N1C(=O)C([*])C(c2cccc(CCCCCCCCCCCC)c2)C1=O,91.8381286621094,0.7861895561218262,664.0794677734375,1.378942012786865
1022,[*]c1cc(-c2cc(-c3cc(C(C)CCCC(C)C)sc3[*])cc(C(C)CCCC(C)C)c2)c(-c2ccccc2)s1,95.0548034667969,2.009497404098511,606.2960205078125,1.270912528038025
1441,[*]c1c(C)c(CCCOC(=O)OCCCc2ccc3c(c2)C(=O)N([*])C3=O)c(C)c2c1C(C)(C)CC2,120.64653930664063,1.504089832305908,628.847412109375,1.229104161262512
803,[*]OC(=O)CCCCCCCCCCc1ccc(-c2ccc(S(=O)(=O)Oc3ccc(S(=O)(=O)O[*])cc3)cc2)cc1,85.7559753417969,1.732823848724365,597.2396850585938,1.51970911026001
76,[*]Oc1ccccc1OCCCCCCOc1cc([*])ncn1,28.242883300781216,1.636348247528076,607.1123046875,1.471795201301575
965,[*]c1ccc(-c2c(Br)cc([*])cc2Oc2ccc(S(=O)(=O)Oc3ccc(S(=O)(=O)OCCCCCCCCCCCCCC)cc3)cc2)cc1,93.04509887695316,1.888792157173157,623.02490234375,1.668501019477844
3029,[*]Nc1nc(Nn2c(=O)c3cc4c(=O)n([*])c(=O)c4cc3c2=O)nc(-c2cc(-c3cc(C(=O)N4C(=O)c5ccccc5C4=O)cc(N4C(=O)c5ccccc5C4=O)c3)ccc2N)n1,228.75826416015624,2.495244026184082,733.4192504882812,1.414955735206604
1745,[*]Oc1cc(-c2ccc(C(=O)c3ccc(O)cc3)cc2)ccc1-c1nnc([*])o1,142.54958496093752,2.157378911972046,655.8785400390625,1.15965473651886
887,[*]CC([*])c1cc(Oc2ccc(CCCCCCCCCCCC)cc2)ccc1-c1ccc2ccccc2c1,89.0374694824219,1.775078535079956,642.8207397460938,1.229889035224915
2459,[*]c1nnc(-c2ccc(O)c(-c3cc(Br)c([*])c(Br)c3)c2)nc1C(C)(C)c1ccc(O)c(-c2ccccn2)c1,173.7606140136719,2.051296710968018,618.1777954101562,1.608769536018372
322,[*]OCOc1ccc(C(F)(F)F)c(C2CC(=NCCCCCCCCCCCCCCCCCC)C(SC(=O)O[*])CC2=NCCCCCCCCCCCCCCCCCC)c1,57.5866638183594,1.07215404510498,605.5703735351562,1.575073719024658
3179,[*]c1ccc(-c2cc[n+](Cc3ccc4c(c3)C(=O)N(c3ccc(-c5ccc6c(c5)C(=O)N(c5ccc([*])cc5)C6=O)cc3)C4=O)cc2)cc1,279.5576416015625,2.564015626907349,809.8504638671875,1.246864557266235
3219,[*]N1C(=O)c2ccc(S(=O)(=O)c3ccc4c(c3)C(=O)N(c3nc5cc(-c6cc7ccccc7cc6-c6ccc7oc(C([*])(C(F)(F)F)C(F)(F)F)nc7c6)ccc5o3)C4=O)cc2C1=O,313.7314086914063,2.694152593612671,787.9984130859375,1.225034236907959
1048,[*]CC([*])[Si](C)(C)Cc1ccc(C(=O)NNC(=O)c2cccc(-c3cc(Cl)cc(CCCCCCCCCC)c3)c2)cc1,95.7340026855469,1.429271936416626,652.8511352539062,1.319374442100525
457,[*]c1ccc(C(C)(C)c2cc(Nc3ccc([*])s3)sc2CCCCCCCC)cc1,67.13027343750002,1.969385862350464,632.4176635742188,1.226805925369263
2817,[*]COC(=O)c1cccc(-c2cc(Cl)c(Oc3c(Cl)cc(C[*])cc3Cl)c(Cl)c2)c1,190.98696289062505,1.666264176368713,721.441650390625,1.232592940330505
1350,[*]c1ccc(-c2cc(-c3cc(C(=O)N([*])CC)ccc3CCCCCC)ccc2CCCCCC)cc1,115.6102233886719,1.719188570976257,668.3760986328125,1.312091827392578
1289,[*]c1cc(C2CCC(C)(OC3CCN(C4CCC(C)(c5cc([*])[nH]n5)CC4)CC3)CC2)n[nH]1,112.17864379882816,1.647383332252502,619.949951171875,1.181106090545654
838,[*]OC(Cc1ccc(C#N)cc1)C(=O)OCc1ccc([*])cc1,86.83159790039065,1.396781921386719,658.6008911132812,1.246923804283142
416,[*]CCSC(=O)OC1CC(=NCCCCCCCCCCCCCCCCCC)C(c2cccc(NC[*])c2)CC1=NCCCCCCCCCCCCCCCCCC,63.64467773437502,0.996044397354126,606.779052734375,1.488892674446106
2763,[*]Cc1cc2cc(-c3ccc4ccc(=O)oc4c3)c(=O)oc2cc1-c1cccc(O[*])c1,188.59523925781247,2.757214784622192,678.3421630859375,1.023144602775574
2669,[*]CCCCC(=O)NNC(=O)c1ccc(-c2ccc(C=Nc3ccc(-c4ccc(C=Nc5ccc(C[*])cc5)cc4)cc3)cc2)c(C)c1,184.22365722656247,2.200478315353394,683.608154296875,1.179675579071045
1017,[*]O[Si](C)(C)O[Si](C)(C)O[Si](C)(C)O[Si](C)(C)O[Si](C)(C)O[Si](C)(C)Oc1nc2cc(-c3nc4ccc(-c5c(C)cc(-c6ccc([N+](=O)[O-])cc6)cc5C)cc4nc3-c3ccc([N+](=O)[O-])cc3)ccc2nc1[*],94.9760681152344,1.941338539123535,623.0740356445312,1.304413199424744
2436,[*]Oc1cc(-c2ccc(C(=O)O)cc2C)c(C(=O)O)cc1-c1ccc(C([*])=S)s1,172.25924072265622,3.323763132095337,632.2794189453125,1.251804947853088
1474,[*]CCCNc1ccc(C)c(C(=O)NC(=O)CCC[*])c1,122.51876220703122,0.9604319334030152,615.6481323242188,1.311878204345703
1776,[*]Nc1cc(-c2ccc(-c3ccccc3)cc2)cc(-c2ccc(CCCCCCCCC)cc2C([*])=O)c1,144.2928405761719,2.108442544937134,674.8396606445312,1.238625168800354
2430,[*]Cc1ccc(-c2ccc3ccccc3c2)cc1Nc1cc(C([*])=O)ccc1C,172.00017700195315,1.883363127708435,667.6796875,1.218191504478455
3201,[*]Oc1ccc2c(c1)C(=O)N(C(C)(C)c1ccc(-c3ccc(-c4ccc5c(c4)C(=O)N(c4ccc([*])s4)C5=O)cc3)s1)C2=O,286.0436645507813,2.471993446350098,727.5694580078125,1.369540810585022
1620,[*]C(=O)c1ccc(-c2ccc(CCc3ccc(C#N)cc3)c(-c3ccc([*])cc3)c2)cc1C,134.27596435546883,2.532392263412476,679.2554321289062,1.183847188949585
192,[*]Cc1ccc(-c2ccc(OP(=O)(N=Nc3ccc(-c4ccc(N=NP(=O)(OC)OC(=O)CCCCCCCCCCC(=O)O[*])cc4)cc3)OC)cc2)cc1,42.35833129882815,1.944802761077881,566.2242431640625,1.437048196792603
1713,[*]C(=O)c1ccccc1-c1ccc(-c2ccc(-c3ccc(-c4ccc([*])s4)o3)cc2)o1,140.77407226562502,2.684264183044434,623.395751953125,1.120215535163879
279,[*]CCCCCOC(=O)OCc1cccc(C(=O)NCCC[*])c1,51.93361816406252,1.2749844789505,626.0256958007812,1.438833117485046
1232,[*]CC(c1cccc(-c2ccccc2)c1)c1cc(CCO[*])ccc1C,109.04519042968752,1.514240264892578,646.8229370117188,1.205034494400024
1874,[*]CC([*])(C)C(=O)OOc1ccc(-c2ccc(-c3ccccc3OCC(O)CO)cc2)cc1,148.63982543945315,1.787432432174683,551.0188598632812,1.25348174571991
1195,[*]C1C([*])C2CC1C(CCCCCCCCCCCC)C2Oc1ccc(-c2cc(C)c3c(c2)S(=O)(=O)c2cc(CCCCCCCCCCCC)c(C)cc2-3)cc1C,106.26296386718752,1.475167989730835,622.3269653320312,1.296477198600769
801,[*]c1ccc(-c2cc([*])c(-c3ccc(-c4ccc(CCCCCCCCCCCC)cc4)c(C)c3)cc2-c2ccccc2)cc1,85.73296508789065,2.253747224807739,639.2161865234375,1.355537891387939
1614,[*]CC(=O)c1ccc(S(=O)(=O)Oc2cccc(OC3CCC(c4ccc(S(=O)(=O)O[*])cc4)CC3)c2)cc1,133.99947509765622,1.997219920158386,585.4982299804688,1.653992295265198
1220,[*]Oc1ccc(Cc2ccc3c(c2)C(=O)N(c2cc(CCCCCC)sc2[*])C3=O)cc1,107.95073852539063,2.379695653915405,654.563720703125,1.2918621301651
2364,[*]c1nc(C(=O)N(C)c2cc3c(cc2C)-c2cc(C)c([*])cc2S3(=O)=O)nc(C(C)(C)c2ccc(S(=O)(=O)C(F)(F)C(F)(F)C(F)(F)C(F)(F)C(F)(F)C(F)(F)C(F)(F)C(F)(F)F)cc2)n1,168.20980224609383,2.466914176940918,662.043701171875,1.103922605514526
1149,[*]CCCCCCCCCSSc1cccc2c(C(=O)N3C(=O)c4ccc(SSC[*])cc4C3=O)cccc12,102.9385925292969,2.372395753860474,692.94287109375,1.372801423072815
3103,[*]c1ccc(N2C(=O)c3ccc(-c4cc(OC)ccc4-c4cc(-c5ccccc5)nn4[*])cc3C2=O)cc1,263.2305541992188,2.506331205368042,778.2440185546875,1.261972665786743
1323,[*]Oc1csc(C2(C)CC(Oc3nc([*])cs3)CC(C)(C)C2)n1,113.73687133789063,1.286696672439575,657.8672485351562,1.080109596252441
1412,[*]CCCCCCCNc1cc(CCC[*])cc(C)c1-c1ccccc1NCCC,118.72408447265622,1.631837248802185,619.1654052734375,1.404622316360474
432,[*]Cc1cc(-c2ccncc2)c(COC(=O)N[*])s1,65.00765380859383,2.127778768539429,554.8912353515625,1.31434166431427
1053,[*]CCCCCc1c(OC)cc(-c2ccccc2)cc1Oc1ccc(CCC[*])cc1,95.83205566406252,1.490661144256592,655.4282836914062,1.323000431060791
2525,[*]Oc1cccc(C2CCC(c3ccc(-c4ccc(Cc5ccc([*])cc5)cc4)cc3)CC2)c1,177.87099609375002,1.733778715133667,777.9234008789062,1.502553939819336
1624,[*]CCCCCCCNc1cc(C)c(NCCC[*])c(N(C)c2ccc(C(C)(C)C)cc2)c1,134.4217468261719,1.39168393611908,674.869873046875,1.269592761993408
2384,[*]CCC(CC=[*])(c1ccccc1)c1ccc2c(c1)C(=Nc1ccc(C(C)(C)c3ccc4c(c3)C(=Nc3ccc(Oc5ccccc5)cc3)OC4=O)cc1)OC2=O,169.42330322265622,2.012477397918701,674.5626831054688,1.223681449890137
1732,[*]Cc1ccc(CC)c(C(C)(C)c2ccc([*])cc2)c1,141.6657653808594,1.132399559020996,702.5791625976562,1.278601288795471
691,[*]CCCCCOCCNc1ccc(-c2ccc(NOCCC[*])cc2)cc1C,81.5720153808594,1.308667421340942,611.47509765625,1.437950849533081
1161,[*]CCCCCSSc1cccc(-c2cccc(-c3cccc(CCCCC[*])c3)c2C#N)c1,103.83944091796884,2.140463829040527,708.7782592773438,1.252135992050171
3177,[*]c1ccc(N2C(=O)c3ccc(-c4cccc(N5C(=O)c6ccc(-c7cc(-c8ccccc8)sc7[*])cc6C5=O)c4)cc3C2=O)s1,279.0769287109375,3.080692052841187,741.2534790039062,1.386187672615051
1210,[*]c1ccc(Nc2cc([*])cc(OC(=O)C3COCCOCCOCCOCCOCCO3)c2)cc1,107.20537719726563,1.921339988708496,636.1458740234375,1.250746488571167
26,[*]OP(=O)(OC(=O)CCCCCCCCCCCCCCCCCCCCC(=O)OC(=O)c1ccc(-c2c(Cl)cc(Cl)cc2Cl)s1)Oc1ccc2c(c1)C(=O)N([*])C2=O,16.363793945312523,1.629732847213745,609.2153930664062,1.36072313785553
621,[*]O[Si](C)(C)O[Si](C)(C)O[Si](C)(C)OC(=O)C1CCC(N=Cc2ccc(NC(=O)Cc3ccc([*])cc3)cc2)CC1,77.11428222656252,1.484734416007996,608.2586669921875,1.368306279182434
2580,[*]c1ccc(Nc2nc(Cc3ccccn3)nnc2[*])s1,180.41680297851565,1.93174409866333,640.0410766601562,1.564769983291626
229,[*]CC([*])c1sc(Oc2ccc(CCCCCCCC)cc2)cc1OC,46.33550415039065,1.422935485839844,615.2610473632812,1.32377564907074
144,[*]OC(=O)OCCc1cccc(-c2ccc([*])s2)c1,37.9822937011719,1.300201296806335,640.3419799804688,1.284205555915833
2337,[*]Oc1cc(-c2cc(C3CCN(C4CCN(C5COC6C([*])COC65)CC4)CC3)ccc2C)ccc1C,167.3790222167969,1.496999382972717,623.208984375,1.221121311187744
2353,[*]c1cccc(CCCCCCOc2nc3cc(-c4cccc(-c5nc6cc([*])ccc6[nH]5)c4)ccc3[nH]2)c1,167.87124023437502,2.05752158164978,697.5234985351562,1.124409794807434
1557,[*]c1ccc(-c2ccc(-c3cccc(CCCCCCc4cccc(-c5cccc([*])c5)c4)c3)cc2)cc1,128.32735595703122,1.989435195922852,700.9711303710938,1.244150400161743
289,[*]CC([*])c1cc(N2C(=O)c3ccc(OCCC(F)(F)C(F)(F)C(F)(F)C(F)(F)C(F)(F)C(F)(F)F)cc3C2=O)sc1CCCCCCCC,53.04067382812502,1.707870483398438,633.3517456054688,1.14507532119751
170,[*]OCCCCCCCCCCc1cc(CCC(=O)[N+](C)(C)C)c(O[*])s1,40.3049255371094,0.9046509265899658,602.6387939453125,1.325049042701721
2725,[*]CC(O)COc1cc(-c2cccc(-c3c(C)c(C)c(O[*])c(C)c3C)c2)c2ccccc2n1,187.00505981445315,2.071682214736938,648.3694458007812,1.220167517662048
2536,[*]CC([*])Nc1ccc(C=NN=Cc2ccc(N3C(=O)CC(c4ccc(C=NN=Cc5ccc(-c6cccnc6)cc5O)c(O)c4)C3=O)cc2O)c(O)c1,178.37862548828122,2.490836143493652,633.2744140625,1.208498477935791
433,[*]c1cc(CCCCCCCCCCCC)c(-c2cc(C(=O)OC)sc2[*])s1,65.1191345214844,1.78299355506897,654.0518798828125,1.302242279052734
173,[*]OC(=O)c1sc(-c2ccc(CCCCCC)s2)cc1O[*],40.99276123046883,2.064262390136719,637.3723754882812,1.362521409988403
1580,[*]Nc1cc(OC(=O)c2ccccc2)cc(C(=O)c2ccc([*])s2)c1,130.29046020507815,2.698945760726929,677.3536987304688,1.323501229286194
1611,[*]CCCCCCCN1C(=O)C(=Cc2cc(C)c(C(C[*])(C(F)(F)F)C(F)(F)F)c(C)c2)SC1=S,133.81707153320315,2.469715356826782,624.7647094726562,1.406507015228271
2563,[*]Oc1ccc(-c2ccc([Si](C)(C)c3ccc(N4C(=O)c5cccc6c(-c7ccc([SiH]([*])C)s7)ccc(c56)C4=O)s3)s2)cc1,179.53533325195315,2.749320268630981,670.0654296875,1.218420028686523
414,[*]c1ccc(CCC(=O)N(C)CCSc2ccc([*])o2)o1,63.46956787109383,1.620581388473511,566.9127807617188,1.16608989238739
1213,[*]Cc1ccc(Oc2cc(O[*])ccc2C(=O)c2ccc(CCCC)s2)cc1,107.4996276855469,1.87016749382019,659.1506958007812,1.329309701919556
1362,[*]c1cc(-c2ccc(-c3ccc4c(c3)C(=O)N(c3c(C)cc([*])cc3C(C)CCCCCCCC)C4=O)cc2)cc(C(C)CCCCCCCC)c1,116.1844421386719,1.913239359855652,636.043701171875,1.248968124389648
1582,[*]NC(=O)OCCCCCCNc1cc(C)c(-c2ccc(S([*])(=O)=O)cc2)c(C)c1,130.7093444824219,1.646036744117737,617.5040893554688,1.180271744728088
532,[*]Oc1ccc(-c2sc(OC(=O)CCC([*])=O)cc2OC)s1,72.10210571289065,2.155459642410278,570.831787109375,1.235875606536865
978,[*]CCCCCCCOS(=O)(=O)c1ccc(-c2ccc3c(c2)C(=O)N(COC[*])C3=O)cc1,93.46749267578122,2.255874395370483,690.570556640625,1.369820713996887
1173,[*]CC([*])C1(C)CC(OC2(C)CC(CCCCCC)CC(C)(C)C2)CC(C)(C)C1,104.50429687500002,0.7648399472236633,629.2168579101562,1.106106638908386
3183,[*]c1ccc2c(c1)C(=O)N(c1nc([*])nc(-c3ccc4c(c3)C(=O)N(c3cccc(-c5ccc6c(c5)C(=O)N(C57CC8CC(CC(C8)C5)C7)C6=O)c3)C4=O)n1)C2=O,280.1123901367188,2.447256565093994,782.32666015625,1.257668375968933
1133,[*]Nc1cc(CCCCCCCC)cc(-c2cc(-c3ccccc3)c(-c3cc([*])sc3-c3ccccc3)s2)c1,101.6574645996094,2.325905561447144,663.030517578125,1.231187701225281
1404,[*]CCCCCCCCCOc1ccc(-c2nnc(-c3nnc(C[*])o3)o2)cc1,118.41347656250002,1.700954556465149,670.7144165039062,1.401891112327576
1330,[*]CCCOCCc1ccc(-c2ccc(NC(=O)CCC[*])cc2)cc1,114.3651062011719,1.374484419822693,673.3958129882812,1.252649664878845
1904,[*]c1ccc2c(c1)C(=O)N(c1c(C)cc(-c3sc([*])c4c3OCCO4)cc1-c1cc(Br)c(C3(O[Si](CC)(CC)CC)CCCCC3)c(Br)c1)C2=O,150.27251586914065,1.932681560516357,649.6149291992188,1.450927019119263
2914,[*]c1ccc2c(c1)C(=O)N(c1cc(C)c(N=Cc3ccc(-c4ccc(C=Nc5cc(C)c([*])cc5C)cc4OC)c(OCC)c3)cc1C)C2=O,203.49419555664065,2.177904367446899,643.50341796875,1.240526676177979
332,[*]C(=O)Oc1ccc(CCCCCCCCCCCC)c(-c2ccc([*])s2)c1,58.18801269531252,2.08625316619873,621.19873046875,1.281579375267029
14,[*]O[Si](C)(C)O[Si](C)(C)O[Si](C)(C)O[Si](C)(C)O[Si](C)(C)O[Si](C)(C)Oc1cc(OC(=O)c2ccccc2)ccc1-c1ccc([*])cc1,9.891778564453148,1.536326169967651,624.8644409179688,1.481117725372314
439,[*]C(=O)c1sc(-c2sc(C(C)(C)C)cc2-c2ccc([Si](CCCC)(CCCC)[Si]([*])(CCCC)CCCC)s2)cc1C(C)(C)C,65.63735351562502,1.907824635505676,624.6246948242188,1.203152418136597
790,[*]c1ccc2c(c1)C(CCCCCC)(CCCCCC)c1cc(-c3ccc(Oc4ccc(CCCCCCCC)cc4-c4ccc5c(c4)C(CCCCCC)(CCCCCC)c4cc([*])ccc4-5)cc3)ccc1-2,85.0775085449219,1.947307705879211,657.182373046875,1.329110503196716
1029,[*]O[Si](C)(C)O[Si](C)(C)O[Si](C)(C)O[Si]([*])(C)CCc1ccccc1Nc1ccc(S(=O)(=O)c2ccc(Oc3ccccc3)cc2[N-][N+]#N)cc1,95.2388854980469,1.746013045310974,628.9852294921875,1.355154633522034
829,[*]c1ccc(SCCCCC(Nc2ccc(C3CC(=O)N([*])C3=O)cc2)C(=O)O)cc1,86.55611572265622,1.992555737495422,540.8843383789062,1.302260398864746
678,[*]Oc1cccc(C2(c3ccccc3C3(C([*])=O)CCCCCCCCCCC3)CCCCCCCCCCC2)c1,80.8055358886719,1.346412420272827,647.70751953125,1.454073429107666
1188,[*]OC(=O)CCCC(=O)NC(=O)c1cc([*])nc2ccc(OC)cc12,105.69149169921884,2.080775022506714,615.6290283203125,1.194087862968445
44,[*]OCCCCCCc1ccc(-c2ccc(CCCCCCCCCCCC)c(O[*])c2)cc1,22.507470703125023,1.491575717926025,628.0193481445312,1.46525502204895
325,[*]CC(=O)c1ccc(-c2cccc(CO[*])c2)cc1C,57.6420837402344,2.21002721786499,639.5792846679688,1.313800454139709
1034,[*]NC(=O)CCCCCCCCCCCCC(=O)OC(=O)c1c(Cl)cc(C(=O)NC([*])=O)cc1Cl,95.38796386718752,1.261218667030334,550.6773681640625,1.27294647693634
194,[*]Oc1cc(Oc2ccc(C(C)(C)C)cc2)c(-c2ccc([Si](CCCC)(CCCC)[Si]([*])(CCCC)CCCC)s2)s1,42.37429199218752,1.902295708656311,623.7949829101562,1.285695195198059
1957,[*]Oc1cc[n+](Cc2ccc(-c3ccc(-c4ccc5c(c4)C(CCCCCC)(CCCCCC)c4cc(-c6cc[n+]([*])cc6)ccc4-5)c(C)c3)cc2C)cc1,152.42867431640622,1.804202318191528,683.4777221679688,1.299960851669312
354,[*]CCC(=O)OC(=O)CCCSc1ccc(-c2ccc(OC[*])cc2)cc1,59.81792602539065,1.56421160697937,608.4678955078125,1.195529460906982
693,[*]c1cccc(Oc2cc(-c3ccc4c(c3)C(=O)N([*])C4=O)c(-c3ccc(CCCCCCCCCCCC)cc3)s2)c1,81.62273559570315,2.455628395080566,654.462158203125,1.355112195014954
705,[*]CC(COC(=O)c1ccc(-c2cccc(O[*])c2)c(Br)c1)(CS(=O)(=O)CCCC)CS(=O)(=O)CCCC,81.9736267089844,1.653249263763428,578.5284423828125,1.391454458236694
1237,[*]Oc1ccc2c(c1)C(=O)N(c1ccc(-c3cccc(P(=O)(c4ccccc4)c4cccc(OC(=O)CCCCCCCCCCC(=O)N([*])CC)c4)c3)cc1)C2=O,109.21138916015622,1.829581260681152,660.4810180664062,1.296001791954041
997,[*]c1cccc(C(F)(F)C(F)(F)C(F)(F)C(F)(F)C(F)(F)c2cccc(-c3nnc(-c4cccc(-c5ccc([*])s5)c4)o3)c2)c1,94.1999450683594,2.231501817703247,678.9239501953125,1.591171622276306
2410,[*]OP(=O)(N=Nc1ccc(OP(=O)(N=Nc2ccc(-c3ccc4c(c3)C(=O)N(c3cc(Cl)c(-c5ccc(N6CCC([*])CC6)c(Cl)c5)c(Cl)c3)C4=O)cc2)OC)cc1)OC,170.8367858886719,2.167582988739014,717.4894409179688,1.371706247329712
1442,[*]Cc1cc(C(=O)N2CCOCC2)sc1C[*],120.66518554687502,1.399899840354919,547.6221923828125,1.358161687850952
1873,[*]C(=O)SSc1cc(Nc2nnc(SSC([*])=O)o2)cc(C23CC4CC(CC(C4)C2)C3)c1,148.5904479980469,2.211661100387573,630.07763671875,1.154731512069702
2883,[*]COc1ccc(-c2ccc(-c3cc(N[*])cc(-c4ccc5c(c4)C(=O)N(c4ccccn4)C5=O)c3)cc2)nc1,198.52300415039065,2.52786922454834,650.525146484375,1.329295039176941
879,[*]COCCCCCCN(c1cnc(C[*])cn1)c1ccc(-c2ccc(N=Nc3ccccc3)cc2)s1,88.60891113281252,1.964433789253235,653.8828125,1.205331087112427
1506,[*]C1COC(NC(=O)Cc2ccccc2OC2COC([*])CO2)CO1,124.45598754882816,1.132401943206787,603.8319091796875,1.170506119728088
2753,[*]Oc1cc(-c2ccccc2)nc2ccc(CCCNc3ccc([*])cc3)cc12,188.1374450683594,1.759607076644897,738.1119384765625,1.199648261070251
2791,[*]c1c(C)cc(N2C(=O)c3ccc(-c4c(C)cc(C5CC(=O)N(C6CC(=O)N([*])C6=O)C5=O)cc4C)cc3C2=O)cc1C,189.7292419433594,2.564075946807861,602.125,1.231611490249634
346,[*]Oc1cc(CCCCCCCC)c(-c2ccc(-c3ccc(C([*])=O)s3)cc2)s1,59.31496582031252,2.6385178565979,633.6476440429688,1.238394141197205
254,[*]COP(=O)(N=Nc1ccc(Nc2ccc(N=NP(=O)(OC)OC(=O)N[*])cc2)cc1)OC,49.5947204589844,1.734937429428101,531.31884765625,1.475568056106567
564,[*]c1cc(-c2ccc(-c3sc([*])cc3OCC)cc2C)c(CCCCCCCCCCCC)s1,74.56954345703122,1.890267848968506,634.3772583007812,1.324553489685059
1764,[*]c1cn(C(c2cc(CC(=O)OC(=O)CP(=O)(O)O)c3cc(-c4ccccc4)ccc3n2)(C(F)(F)F)C(F)(F)F)cc1[*],143.45668945312502,2.41215443611145,581.4365234375,1.261971712112427
